{
  "config": {
   "rnn_config": {
    "learning_rate": 0.25,
    "momentum": 0.1,
    "structure_hidden_laters": [
     5,
     5
    ],
    "qty_states_in": 3,
    "qty_states_channel_out": 5,
    "qty_states_out": 4,
    "qty_time_cols": 5,
    "qty_lpfc_layers": 3,
    "qty_hidden_laters": 2,
    "qty_time_cols_neighbor_inputs": 2,
    "qty_recent_memory": 2
   },
   "channel_set_index": 0,
   "channel_type": 0,
   "time_col_index": 0,
   "mem_bkprop_input_mappings": [
    {
     "channel_set_index": 1,
     "channel_type": 2,
     "time_col_index": 3
    }
   ],
   "mem_bkprop_input_cache": [
    [
     0.0,
     0.0,
     0.0,
     0.0,
     0.0
    ]
   ]
  },
  "recent_memory": [
   [
    0.0,
    0.0,
    0.0,
    0.0,
    0.0
   ],
   [
    0.0,
    0.0,
    0.0,
    0.0,
    0.0
   ]
  ],
  "bp_net": {
   "state": {
    "config": {
     "learning_rate": 0.25,
     "momentum": 0.1,
     "structure": [
      5,
      5,
      5,
      5
     ],
     "disable_bias": false
    },
    "calculated_error_latest": -1.0,
    "track_history": true,
    "weights": [
     [
      [
       -0.01200000000000001,
       0.893,
       -0.959,
       -0.5640000000000001,
       -0.16100000000000003
      ],
      [
       -0.397,
       0.44100000000000006,
       -0.621,
       -0.29600000000000004,
       0.77
      ],
      [
       0.5369999999999999,
       0.365,
       0.6279999999999999,
       0.1359999999999999,
       -0.138
      ],
      [
       -0.33299999999999996,
       -0.051000000000000045,
       0.008999999999999897,
       -0.30800000000000005,
       0.29400000000000004
      ],
      [
       0.2509999999999999,
       0.15999999999999992,
       -0.873,
       -0.891,
       0.8700000000000001
      ],
      [
       0.954,
       -0.21699999999999997,
       0.667,
       -0.7110000000000001,
       -0.515
      ]
     ],
     [
      [
       -0.09499999999999997,
       0.06499999999999995,
       -0.7110000000000001,
       -0.027000000000000024,
       -0.256
      ],
      [
       0.873,
       0.365,
       0.238,
       -0.258,
       0.4770000000000001
      ],
      [
       0.5549999999999999,
       -0.8240000000000001,
       -0.14200000000000002,
       0.5640000000000001,
       0.813
      ],
      [
       0.4590000000000001,
       0.5880000000000001,
       0.236,
       0.651,
       -0.552
      ],
      [
       0.359,
       0.42799999999999994,
       0.3919999999999999,
       0.6990000000000001,
       -0.6839999999999999
      ],
      [
       0.8420000000000001,
       0.542,
       0.706,
       -0.6739999999999999,
       -0.31999999999999995
      ]
     ],
     [
      [
       0.9159999999999999,
       0.5589999999999999,
       -0.743,
       -0.20299999999999996,
       0.885
      ],
      [
       -0.372,
       0.7250000000000001,
       -0.11399999999999999,
       0.006000000000000005,
       0.42500000000000004
      ],
      [
       0.821,
       0.8839999999999999,
       0.43700000000000006,
       -0.536,
       0.6799999999999999
      ],
      [
       -0.17100000000000004,
       0.20599999999999996,
       -0.7010000000000001,
       -0.909,
       -0.01200000000000001
      ],
      [
       0.833,
       -0.72,
       0.016999999999999904,
       -0.19399999999999995,
       0.76
      ],
      [
       0.31000000000000005,
       -0.748,
       -0.274,
       0.52,
       0.46599999999999997
      ]
     ]
    ],
    "last_changes": [
     [
      [
       0.0,
       0.0,
       0.0,
       0.0,
       0.0
      ],
      [
       0.0,
       0.0,
       0.0,
       0.0,
       0.0
      ],
      [
       0.0,
       0.0,
       0.0,
       0.0,
       0.0
      ],
      [
       0.0,
       0.0,
       0.0,
       0.0,
       0.0
      ],
      [
       0.0,
       0.0,
       0.0,
       0.0,
       0.0
      ],
      [
       0.0,
       0.0,
       0.0,
       0.0,
       0.0
      ]
     ],
     [
      [
       0.0,
       0.0,
       0.0,
       0.0,
       0.0
      ],
      [
       0.0,
       0.0,
       0.0,
       0.0,
       0.0
      ],
      [
       0.0,
       0.0,
       0.0,
       0.0,
       0.0
      ],
      [
       0.0,
       0.0,
       0.0,
       0.0,
       0.0
      ],
      [
       0.0,
       0.0,
       0.0,
       0.0,
       0.0
      ],
      [
       0.0,
       0.0,
       0.0,
       0.0,
       0.0
      ]
     ],
     [
      [
       0.0,
       0.0,
       0.0,
       0.0,
       0.0
      ],
      [
       0.0,
       0.0,
       0.0,
       0.0,
       0.0
      ],
      [
       0.0,
       0.0,
       0.0,
       0.0,
       0.0
      ],
      [
       0.0,
       0.0,
       0.0,
       0.0,
       0.0
      ],
      [
       0.0,
       0.0,
       0.0,
       0.0,
       0.0
      ],
      [
       0.0,
       0.0,
       0.0,
       0.0,
       0.0
      ]
     ]
    ],
    "activation_nodes": [
     [
      1.0,
      1.0,
      1.0,
      1.0,
      1.0,
      1.0
     ],
     [
      1.0,
      1.0,
      1.0,
      1.0,
      1.0,
      1.0
     ],
     [
      1.0,
      1.0,
      1.0,
      1.0,
      1.0,
      1.0
     ],
     [
      1.0,
      1.0,
      1.0,
      1.0,
      1.0
     ]
    ],
    "deltas": [
     [
      0.0,
      0.0,
      0.0,
      0.0,
      0.0
     ],
     [
      0.0,
      0.0,
      0.0,
      0.0,
      0.0
     ],
     [
      0.0,
      0.0,
      0.0,
      0.0,
      0.0
     ],
     [
      0.0,
      0.0,
      0.0,
      0.0,
      0.0
     ]
    ],
    "input_deltas": [
     0.0,
     0.0,
     0.0,
     0.0,
     0.0
    ],
    "calculated_error_history": []
   }
  }
 }