{
  "config": {
   "rnn_config": {
    "learning_rate": 0.25,
    "momentum": 0.1,
    "structure_hidden_laters": [
     5,
     5
    ],
    "qty_states_in": 3,
    "qty_states_channel_out": 5,
    "qty_states_out": 4,
    "qty_time_cols": 5,
    "qty_lpfc_layers": 3,
    "qty_hidden_laters": 2,
    "qty_time_cols_neighbor_inputs": 2,
    "qty_recent_memory": 2
   },
   "channel_set_index": 0,
   "channel_type": 0,
   "time_col_index": 0,
   "node_input_mappings": [
    {
     "channel_set_index": 1,
     "channel_type": 2,
     "time_col_index": 3
    }
   ],
   "node_input_cache": [
    [
     0.0,
     0.0,
     0.0,
     0.0,
     0.0
    ]
   ]
  },
  "recent_memory": [
   [
    0.0,
    0.0,
    0.0,
    0.0,
    0.0
   ],
   [
    0.0,
    0.0,
    0.0,
    0.0,
    0.0
   ]
  ],
  "bp_net": {
   "state": {
    "config": {
     "learning_rate": 0.25,
     "momentum": 0.1,
     "structure": [
      5,
      5,
      5,
      5
     ],
     "disable_bias": false
    },
    "calculated_error_latest": -1.0,
    "track_history": true,
    "weights": [
     [
      [
       -0.04200000000000004,
       0.2290000000000001,
       0.641,
       -0.017000000000000015,
       0.19700000000000006
      ],
      [
       0.4570000000000001,
       0.8939999999999999,
       0.125,
       -0.44799999999999995,
       0.262
      ],
      [
       -0.276,
       -0.07899999999999996,
       -0.518,
       -0.5469999999999999,
       0.7430000000000001
      ],
      [
       0.44199999999999995,
       0.9530000000000001,
       -0.396,
       0.7969999999999999,
       0.31600000000000006
      ],
      [
       0.4990000000000001,
       0.7749999999999999,
       -0.508,
       -0.472,
       0.15500000000000003
      ],
      [
       -0.09799999999999998,
       -0.735,
       -0.45899999999999996,
       0.1120000000000001,
       -0.474
      ]
     ],
     [
      [
       -0.267,
       -0.43700000000000006,
       0.34099999999999997,
       -0.6699999999999999,
       -0.45999999999999996
      ],
      [
       0.30000000000000004,
       -0.0040000000000000036,
       -0.31799999999999995,
       0.909,
       0.6519999999999999
      ],
      [
       -0.907,
       -0.29800000000000004,
       -0.525,
       0.10699999999999998,
       0.1459999999999999
      ],
      [
       -0.793,
       0.881,
       0.7549999999999999,
       -0.013000000000000012,
       -0.122
      ],
      [
       0.8959999999999999,
       -0.245,
       0.649,
       -0.0050000000000000044,
       -0.33199999999999996
      ],
      [
       -0.869,
       0.21199999999999997,
       0.7090000000000001,
       0.6499999999999999,
       -0.823
      ]
     ],
     [
      [
       -0.758,
       0.8160000000000001,
       0.010000000000000009,
       0.927,
       0.827
      ],
      [
       0.10200000000000009,
       -0.554,
       -0.394,
       -0.44499999999999995,
       0.19100000000000006
      ],
      [
       0.06400000000000006,
       0.907,
       0.8540000000000001,
       -0.17400000000000004,
       -0.44899999999999995
      ],
      [
       -0.6639999999999999,
       -0.596,
       0.20599999999999996,
       -0.5409999999999999,
       -0.472
      ],
      [
       -0.18300000000000005,
       -0.794,
       0.556,
       0.44700000000000006,
       -0.38
      ],
      [
       -0.71,
       -0.474,
       0.3660000000000001,
       -0.132,
       0.07699999999999996
      ]
     ]
    ],
    "last_changes": [
     [
      [
       0.0,
       0.0,
       0.0,
       0.0,
       0.0
      ],
      [
       0.0,
       0.0,
       0.0,
       0.0,
       0.0
      ],
      [
       0.0,
       0.0,
       0.0,
       0.0,
       0.0
      ],
      [
       0.0,
       0.0,
       0.0,
       0.0,
       0.0
      ],
      [
       0.0,
       0.0,
       0.0,
       0.0,
       0.0
      ],
      [
       0.0,
       0.0,
       0.0,
       0.0,
       0.0
      ]
     ],
     [
      [
       0.0,
       0.0,
       0.0,
       0.0,
       0.0
      ],
      [
       0.0,
       0.0,
       0.0,
       0.0,
       0.0
      ],
      [
       0.0,
       0.0,
       0.0,
       0.0,
       0.0
      ],
      [
       0.0,
       0.0,
       0.0,
       0.0,
       0.0
      ],
      [
       0.0,
       0.0,
       0.0,
       0.0,
       0.0
      ],
      [
       0.0,
       0.0,
       0.0,
       0.0,
       0.0
      ]
     ],
     [
      [
       0.0,
       0.0,
       0.0,
       0.0,
       0.0
      ],
      [
       0.0,
       0.0,
       0.0,
       0.0,
       0.0
      ],
      [
       0.0,
       0.0,
       0.0,
       0.0,
       0.0
      ],
      [
       0.0,
       0.0,
       0.0,
       0.0,
       0.0
      ],
      [
       0.0,
       0.0,
       0.0,
       0.0,
       0.0
      ],
      [
       0.0,
       0.0,
       0.0,
       0.0,
       0.0
      ]
     ]
    ],
    "activation_nodes": [
     [
      1.0,
      1.0,
      1.0,
      1.0,
      1.0,
      1.0
     ],
     [
      1.0,
      1.0,
      1.0,
      1.0,
      1.0,
      1.0
     ],
     [
      1.0,
      1.0,
      1.0,
      1.0,
      1.0,
      1.0
     ],
     [
      1.0,
      1.0,
      1.0,
      1.0,
      1.0
     ]
    ],
    "deltas": [
     [
      0.0,
      0.0,
      0.0,
      0.0,
      0.0
     ],
     [
      0.0,
      0.0,
      0.0,
      0.0,
      0.0
     ],
     [
      0.0,
      0.0,
      0.0,
      0.0,
      0.0
     ],
     [
      0.0,
      0.0,
      0.0,
      0.0,
      0.0
     ]
    ],
    "input_deltas": [
     0.0,
     0.0,
     0.0,
     0.0,
     0.0
    ],
    "calculated_error_history": []
   }
  }
 }