{
  "label": "Net Training Stats:",
  "config": {
    "structure": [
      4,
      6,
      2
    ],
    "disable_bias": true,
    "learning_rate": 0.5842310159447157,
    "momentum": 0.2351513605878657
  },
  "learning_rate": 0.584,
  "calculated_error_latest": 0.01076305745195808,
  "bar_last": "0.011_",
  "track_history": true,
  "calculated_error_history_size": 400,
  "calculated_error_history": [
    0.40584775281397734,
    0.3748358158938419,
    0.2126818840342724,
    0.2137640818792207,
    0.3633831562105233,
    0.3473917459530411,
    0.21989171953483028,
    0.22556600911635807,
    0.33621083322469086,
    0.3222723579787552,
    0.2269166925381061,
    0.2349946688072784,
    0.3137569035171388,
    0.3003661113657219,
    0.23279965518998852,
    0.24184641033885118,
    0.2956579513432678,
    0.28167878920005157,
    0.23709970155027754,
    0.24623316382771143,
    0.2812451273117174,
    0.26582251518669225,
    0.23974521516782513,
    0.24845290604281375,
    0.26977327686878433,
    0.2522753367871117,
    0.24086649673645955,
    0.2488689770350594,
    0.2605554852820799,
    0.24052924727234776,
    0.2406739498567583,
    0.24783374788517634,
    0.25301584153836637,
    0.23015103762032307,
    0.23938887714444518,
    0.2456526145651582,
    0.2466954695628051,
    0.22079521175225642,
    0.23721146640409657,
    0.24257356719629738,
    0.24123869790357613,
    0.21219643553168438,
    0.23430999456479779,
    0.2387898910964899,
    0.2363738974070202,
    0.20415581613257,
    0.23082050621950806,
    0.23444829584252747,
    0.23189524868336314,
    0.19652710372300308,
    0.22685090246957862,
    0.22965840636722296,
    0.22764749012338065,
    0.18920486622946647,
    0.22248634948496154,
    0.22450172708415156,
    0.22351389589141082,
    0.1821149864884247,
    0.21779456317842577,
    0.21903934356875676,
    0.2194070944528176,
    0.17520722830458368,
    0.21283037532184323,
    0.21331818737466643,
    0.2152621889431432,
    0.1684494717547212,
    0.2076394034959449,
    0.2073759373231771,
    0.2110316707477164,
    0.16182323874305354,
    0.20226084241799397,
    0.20124472231251367,
    0.20668169843998063,
    0.15532019849586584,
    0.196729478565835,
    0.19495380963704706,
    0.20218939799418,
    0.14893941514743236,
    0.1910770601789823,
    0.1885314516318809,
    0.19754091228365817,
    0.14268516168362683,
    0.18533315876716377,
    0.18200604320613667,
    0.19272998605747652,
    0.1365651733685202,
    0.17952564983536556,
    0.17540672306782468,
    0.1877569186918865,
    0.1305892502554897,
    0.17368092611345595,
    0.16876353559622193,
    0.18262775379499718,
    0.124768144417026,
    0.16782393922925384,
    0.16210725854796942,
    0.1773536047664211,
    0.11911268523069563,
    0.16197814709179884,
    0.1554689926859878,
    0.17195004070769937,
    0.1136331074537662,
    0.1561654253446011,
    0.14887960110552867,
    0.16643647907218323,
    0.10833855373554849,
    0.1504059830791013,
    0.14236907684635297,
    0.16083555099626018,
    0.1032367272223467,
    0.14471830652072462,
    0.1359659063462137,
    0.15517242273505286,
    0.09833367225004185,
    0.13911914049179833,
    0.12969648327098587,
    0.14947407200147406,
    0.09363366268398732,
    0.13362350680022045,
    0.12358461286882266,
    0.14376853095179315,
    0.08913917880476227,
    0.12824475167114213,
    0.11765113234181224,
    0.13808411758387765,
    0.08485095502107297,
    0.12299461091434266,
    0.11191365904143388,
    0.13244868391298995,
    0.08076808219629497,
    0.11788328128605163,
    0.10638646661383867,
    0.12688891211140538,
    0.07688814998181547,
    0.11291948870449717,
    0.10108048018867424,
    0.12142968878893212,
    0.0732074162088868,
    0.1081105476418429,
    0.09600337550573487,
    0.11609358309642125,
    0.06972099206217887,
    0.10346241012040291,
    0.09115976330679625,
    0.1109004471078602,
    0.06642303342355238,
    0.0989797063897596,
    0.08655143894256911,
    0.10586714805374202,
    0.06330693042510933,
    0.09466578191659494,
    0.08217767742282817,
    0.10100743266386471,
    0.06036548887357643,
    0.09052273647880438,
    0.07803555556205422,
    0.09633191529869345,
    0.05759109877735433,
    0.08655147094921097,
    0.07412028502018725,
    0.09184817462753543,
    0.05497588668328274,
    0.08275174607046994,
    0.07042554258523781,
    0.08756093890732305,
    0.05251184986621289,
    0.0791222555959259,
    0.066943786753865,
    0.08347233759018179,
    0.05019097156886484,
    0.07566071406140763,
    0.06366655236169852,
    0.07958219685740639,
    0.04800531743335982,
    0.0723639575491183,
    0.06058471756377772,
    0.07588835831545541,
    0.04594711398836579,
    0.06922805436747069,
    0.05768873976582532,
    0.07238700294899773,
    0.044008810564138474,
    0.06624842171753412,
    0.0549688590873545,
    0.06907296595002224,
    0.0421831263235701,
    0.063419944140978,
    0.05241526955571496,
    0.06594003174457555,
    0.0404630842516234,
    0.06073708975244205,
    0.05001825947353624,
    0.06298120204938727,
    0.03884203397300117,
    0.05819402081277346,
    0.04776832328473454,
    0.06018893286701691,
    0.03731366520272453,
    0.055784695951707375,
    0.04565624782159608,
    0.05755533884488566,
    0.03587201350699965,
    0.05350296216933139,
    0.043673176096716414,
    0.05507236534873289,
    0.03451145988766022,
    0.05134263553543546,
    0.04181065186462829,
    0.05273192996809456,
    0.03322672552227529,
    0.04929757019900077,
    0.04006064807483618,
    0.050526036052791046,
    0.032012862808096135,
    0.04736171588207291,
    0.03841558212215558,
    0.048446861365208094,
    0.030865243681192395,
    0.04552916445313908,
    0.03686832051570976,
    0.0464868251156636,
    0.029779546018547643,
    0.04379418646201053,
    0.03541217526989637,
    0.04463863661219827,
    0.02875173878389422,
    0.042151258688415905,
    0.03404089399559068,
    0.04289532857394781,
    0.027778066449015426,
    0.04059508383198604,
    0.03274864535638195,
    0.041250277886737144,
    0.026855033111081925,
    0.039120603474720815,
    0.03153000126466067,
    0.03969721626461584,
    0.02597938663240943,
    0.03772300539925247,
    0.030379916932566746,
    0.03823023295332638,
    0.025148103050384223,
    0.03639772626508837,
    0.029293709665931915,
    0.03684377129253616,
    0.024358371440522997,
    0.03514045054481975,
    0.028267037095434586,
    0.03553262065643967,
    0.023607579362951412,
    0.03394710651387534,
    0.02729587537648155,
    0.034291905024432835,
    0.022893298980286386,
    0.03281385997857443,
    0.026376497755048724,
    0.03311706919808935,
    0.022213273901397726,
    0.031737106323233594,
    0.025505453787551875,
    0.03200386347785684,
    0.021565406779344987,
    0.030713461361152654,
    0.024679549415362455,
    0.030948327441135015,
    0.0209477476716707,
    0.02973975138816979,
    0.0238958280255094,
    0.029946773320041604,
    0.020358483156059162,
    0.02881300276178862,
    0.02315155257536454,
    0.028995769359050485,
    0.01979592618320348,
    0.02793043126354134,
    0.022444188817962223,
    0.02809212343650092,
    0.019258506640755152,
    0.027089431446706173,
    0.02177138963368356,
    0.02723286715652349,
    0.018744762596799774,
    0.026287566124900526,
    0.021130980451311496,
    0.026415240556240716,
    0.018253332187854812,
    0.025522556118459494,
    0.020520945725242858,
    0.025636677524516663,
    0.017782946114474472,
    0.024792270343881095,
    0.01993941642451542,
    0.024894791990722878,
    0.01733242070680372,
    0.024094716305994933,
    0.019384658482130817,
    0.02418736491295283,
    0.01690065152255822,
    0.023428031031992695,
    0.018855062148988855,
    0.023512332073162813,
    0.016486607440682886,
    0.022790472470217434,
    0.018349132194863157,
