{
  "label": "Net Training Stats:",
  "config": "{\"structure\":[2,6,4],\"disable_bias\":true,\"learning_rate\":0.5580694461400748,\"momentum\":0.7856484017223413}",
  "learning_rate": 0.558,
  "calculated_error_latest": 0.03144841151865656,
  "bar_last": "0.031_",
  "track_history": true,
  "calculated_error_history_size": 400,
  "calculated_error_history": [
    0.5560297584311877,
    0.2702836148844721,
    0.5662719718266273,
    0.5423613303187349,
    0.4698985841034081,
    0.26281535692448876,
    0.44887687332519277,
    0.44537934031247045,
    0.4234743379356481,
    0.2789794888352586,
    0.39791229494868996,
    0.400330195818847,
    0.403377311530178,
    0.28772960102021256,
    0.3728657681698974,
    0.3774049422691894,
    0.39386773373727396,
    0.28948769856344786,
    0.3572849874687987,
    0.36326540311685473,
    0.3881747790232787,
    0.2870579244186276,
    0.3456736620699454,
    0.35299875022671606,
    0.38387860762781256,
    0.2820706284148074,
    0.33592131025482297,
    0.34460981852820755,
    0.38002631115977525,
    0.2754420700658011,
    0.32710636338175136,
    0.3371849704654354,
    0.37619004553177876,
    0.26774024029671467,
    0.31879278591686544,
    0.33025842606946343,
    0.37215349862559216,
    0.259356809678177,
    0.31076755478929297,
    0.32356922893396334,
    0.3677970876101892,
    0.25058555956847756,
    0.3029292466072972,
    0.31695955440414664,
    0.3630521921145877,
    0.2416585512347229,
    0.29523523776553734,
    0.3103294485311563,
    0.35788163991764166,
    0.23276268838614322,
    0.2876740256678392,
    0.30361568720341864,
    0.35227079271731343,
    0.22404715490717775,
    0.28024939814169814,
    0.2967812478864382,
    0.3462229534693742,
    0.21562696845111123,
    0.2729708680865489,
    0.28980935491951904,
    0.33975640283866193,
    0.20758539942209095,
    0.26584790758266963,
    0.28269933489975296,
    0.33290189634944256,
    0.19997663197211862,
    0.25888678956193045,
    0.2754630853611273,
    0.3257001720876566,
    0.19282918682820424,
    0.25208933239013104,
    0.26812174853431936,
    0.3181993792703395,
    0.18615008379887266,
    0.2454530045984063,
    0.2607025682607975,
    0.3104525099581228,
    0.17992942637274656,
    0.23897190210089048,
    0.2532360631883567,
    0.30251497461998156,
    0.17414499432738,
    0.2326381587324438,
    0.245753668169113,
    0.29444245242035955,
    0.16876647309357223,
    0.22644342670909073,
    0.23828594251745008,
    0.28628910324018736,
    0.16375906480795052,
    0.2203801642317444,
    0.23086136500780338,
    0.27810617615016325,
    0.15908635912837404,
    0.21444257550002102,
    0.2235056625164799,
    0.26994100433269796,
    0.15471245544431123,
    0.20862714569059393,
    0.2162415690144497,
    0.26183634631230657,
    0.15060340625265173,
    0.2029327881941993,
    0.20908888917243962,
    0.25383001822910417,
    0.14672809355323638,
    0.19736066966938587,
    0.20206474286876958,
    0.24595475860348873,
    0.14305866354014496,
    0.19191380236617744,
    0.19518388592949681,
    0.23823827130096256,
    0.13957063929687913,
    0.18659649800755604,
    0.1884590301588524,
    0.23070340033930006,
    0.13624281526553186,
    0.18141376940101211,
    0.18190111506304135,
    0.22336839898907165,
    0.13305701724747523,
    0.17637075035252262,
    0.17551950972199548,
    0.2162472636607506,
    0.12999779156319116,
    0.171472185620703,
    0.16932214333687012,
    0.20935010963920558,
    0.1270520688933865,
    0.16672202358767627,
    0.16331557622266285,
    0.20268357073290214,
    0.12420883317852266,
    0.162123127010804,
    0.15750502985526774,
    0.19625120859739628,
    0.12145881399148797,
    0.157677102839329,
    0.15189439620727518,
    0.19005392023513196,
    0.11879421185431495,
    0.15338424121477512,
    0.146486244529677,
    0.1840903343139211,
    0.11620845968693913,
    0.1492435465407686,
    0.14128183947929104,
    0.1783571887500739,
    0.11369601950882495,
    0.14525283966404556,
    0.13628117937590062,
    0.1728496836346433,
    0.11125221119098262,
    0.14140890925073912,
    0.13148305840548305,
    0.16756180512042587,
    0.10887306901818149,
    0.137707691710283,
    0.12688515242174597,
    0.16248661734759792,
    0.1065552216546494,
    0.13414446179817804,
    0.12248412496497774,
    0.15761652084481578,
    0.10429579146265877,
    0.13071401963798587,
    0.11827574827724023,
    0.1529434770637621,
    0.10209230973172022,
    0.12741086376344046,
    0.11425503332380496,
    0.1484591997537131,
    0.09994264504636767,
    0.12422934345423041,
    0.11041636290616313,
    0.14415531473496693,
    0.09784494263532884,
    0.12116378683425716,
    0.10675362260972307,
    0.14002349027670988,
    0.09579757304620265,
    0.11820860376719533,
    0.10326032532057691,
    0.136055540731143,
    0.09379908886250976,
    0.11535836448094047,
    0.09992972616411704,
    0.1322435063380821,
    0.09184818843590561,
    0.11260785612005292,
    0.09675492581212955,
    0.1285797122173416,
    0.08994368577057765,
    0.10995212015251088,
    0.09372896107695108,
    0.12505680953884313,
    0.0880844857979339,
    0.10738647385541059,
    0.09084488251054879,
    0.12166780173239893,
    0.08626956434340075,
    0.10490651908789195,
    0.08809581933760693,
    0.1184060583990006,
    0.08449795213338748,
    0.10250814133260241,
    0.08547503248347718,
    0.11526531933864669,
    0.0827687222325141,
    0.10018750163638922,
    0.08297595673281015,
    0.11223969083782726,
    0.08108098034634588,
    0.09794102367404416,
    0.08059223320174375,
    0.1093236360800681,
    0.07943385747581336,
    0.09576537774430795,
    0.07831773335552933,
    0.10651196126861433,
    0.07782650446582037,
    0.09365746311695541,
    0.07614657578187603,
    0.10379979879083934,
    0.07625808805014911,
    0.09161438980229603,
    0.0740731368614783,
    0.10118258851551126,
    0.0747277880548903,
    0.08963346051848925,
    0.07209205637986574,
    0.09865605810020302,
    0.07323479548059536,
    0.08771215338934985,
    0.07019823901309538,
    0.09621620299838576,
    0.07177831123698176,
    0.08584810571291401,
    0.06838685250410606,
    0.09385926669405881,
    0.07035754535183575,
    0.08403909899353397,
    0.06665332323370707,
    0.09158172155501061,
    0.06897171651692931,
    0.08228304532103556,
    0.06499332978454155,
    0.08938025058212874,
    0.0676200518681086,
    0.08057797510269805,
    0.06340279500036956,
    0.08725173023934053,
    0.0663017869244702,
    0.07892202610106806,
    0.06187787695773549,
    0.08519321447432868,
    0.0650161656333047,
    0.07731343369717306,
    0.06041495919264285,
    0.08320191998167006,
    0.06376244048402162,
    0.07575052227971169,
    0.05901064046079732,
    0.0812752127151436,
    0.06253987266642186,
    0.07423169765227192,
    0.05766172425549469,
    0.07941059562243442,
    0.06134773225728851,
    0.07275544034940648,
    0.05636520826134637,
    0.07760569755135187,
    0.060185298425111076,
    0.07132029975602955,
    0.05511827388371376,
    0.07585826326021296,
    0.05905185964651602,
    0.06992488893125204,
    0.05391827596196863,
    0.0741661444546919,
    0.05794671393024,
    0.06856788004610032,
    0.05276273274854589,
    0.07252729176788686,
    0.056869169045703175,
    0.06724800035362129,
    0.051649316214373645,
    0.07093974759849923,
    0.055818542753793304,
    0.06596402861901046,
    0.05057584272388083,
    0.06940163972294015,
    0.054794163037626645,
    0.06471479194619523,
    0.0495402641087412,
    0.06791117560010768,
    0.053795368331000695,
    0.06349916294550831,
    0.0485406591582548,
    0.06646663729191399,
    0.05282150774213536,
    0.062316057194560265,
    0.047575225535303245,
    0.06506637692788017,
    0.051871941270194934,
    0.061164430951115165,
    0.04664227211974534,
