{
  "config": {
    "structure": [
      2,
      6,
      4
    ],
    "disable_bias": true,
    "learning_rate": 0.5580694461400748,
    "momentum": 0.7856484017223413
  },
  "weights": [
    [
      [
        -0.387,
        -0.721,
        0.252,
        0.865,
        0.010999999999999899,
        -0.885
      ],
      [
        0.45500000000000007,
        0.573,
        -0.052000000000000046,
        -0.825,
        -0.723,
        0.1399999999999999
      ]
    ],
    [
      [
        0.8089999999999999,
        0.6060000000000001,
        -0.399,
        -0.613
      ],
      [
        -0.656,
        0.357,
        0.04800000000000004,
        0.6659999999999999
      ],
      [
        -0.345,
        -0.07699999999999996,
        -0.398,
        -0.8109999999999999
      ],
      [
        -0.21999999999999997,
        -0.611,
        0.268,
        0.9119999999999999
      ],
      [
        0.1419999999999999,
        0.8759999999999999,
        -0.09699999999999998,
        -0.07699999999999996
      ],
      [
        -0.29100000000000004,
        0.516,
        -0.525,
        -0.806
      ]
    ]
  ],
  "last_changes": [
    [
      [
        0.0,
        0.0,
        0.0,
        0.0,
        0.0,
        0.0
      ],
      [
        0.0,
        0.0,
        0.0,
        0.0,
        0.0,
        0.0
      ]
    ],
    [
      [
        0.0,
        0.0,
        0.0,
        0.0
      ],
      [
        0.0,
        0.0,
        0.0,
        0.0
      ],
      [
        0.0,
        0.0,
        0.0,
        0.0
      ],
      [
        0.0,
        0.0,
        0.0,
        0.0
      ],
      [
        0.0,
        0.0,
        0.0,
        0.0
      ],
      [
        0.0,
        0.0,
        0.0,
        0.0
      ]
    ]
  ],
  "activation_nodes": [
    [
      1.0,
      1.0
    ],
    [
      1.0,
      1.0,
      1.0,
      1.0,
      1.0,
      1.0
    ],
    [
      1.0,
      1.0,
      1.0,
      1.0
    ]
  ],
  "deltas": [
    [
      0.0,
      0.0
    ],
    [
      0.0,
      0.0,
      0.0,
      0.0,
      0.0,
      0.0
    ],
    [
      0.0,
      0.0,
      0.0,
      0.0
    ]
  ],
  "input_deltas": [
    0.0,
    0.0
  ],
  "calculated_error_latest": 0.0,
  "track_history": true,
  "calculated_error_history": []
}