{
  "config": {
    "structure": [
      4,
      6,
      2
    ],
    "disable_bias": true,
    "learning_rate": 0.5842310159447157,
    "momentum": 0.2351513605878657
  },
  "weights": [
    [
      [
        0.3440000000000001,
        -0.21699999999999997,
        -0.51,
        0.8720000000000001,
        0.33699999999999997,
        -0.29300000000000004
      ],
      [
        -0.622,
        0.774,
        0.7749999999999999,
        0.585,
        -0.569,
        -0.984
      ],
      [
        -0.11599999999999999,
        -0.544,
        -0.21099999999999997,
        0.3400000000000001,
        0.4630000000000001,
        0.21199999999999997
      ],
      [
        0.8360000000000001,
        -0.029000000000000026,
        -0.942,
        -0.392,
        -0.010000000000000009,
        -0.126
      ]
    ],
    [
      [
        -0.07099999999999995,
        0.19399999999999995
      ],
      [
        0.5509999999999999,
        -0.603
      ],
      [
        0.052000000000000046,
        0.776
      ],
      [
        0.7290000000000001,
        -0.33599999999999997
      ],
      [
        0.7290000000000001,
        0.8440000000000001
      ],
      [
        -0.43300000000000005,
        -0.611
      ]
    ]
  ],
  "last_changes": [
    [
      [
        0.0,
        0.0,
        0.0,
        0.0,
        0.0,
        0.0
      ],
      [
        0.0,
        0.0,
        0.0,
        0.0,
        0.0,
        0.0
      ],
      [
        0.0,
        0.0,
        0.0,
        0.0,
        0.0,
        0.0
      ],
      [
        0.0,
        0.0,
        0.0,
        0.0,
        0.0,
        0.0
      ]
    ],
    [
      [
        0.0,
        0.0
      ],
      [
        0.0,
        0.0
      ],
      [
        0.0,
        0.0
      ],
      [
        0.0,
        0.0
      ],
      [
        0.0,
        0.0
      ],
      [
        0.0,
        0.0
      ]
    ]
  ],
  "activation_nodes": [
    [
      1.0,
      1.0,
      1.0,
      1.0
    ],
    [
      1.0,
      1.0,
      1.0,
      1.0,
      1.0,
      1.0
    ],
    [
      1.0,
      1.0
    ]
  ],
  "deltas": [
    [
      0.0,
      0.0,
      0.0,
      0.0
    ],
    [
      0.0,
      0.0,
      0.0,
      0.0,
      0.0,
      0.0
    ],
    [
      0.0,
      0.0
    ]
  ],
  "input_deltas": [
    0.0,
    0.0,
    0.0,
    0.0
  ],
  "calculated_error_latest": 0.0,
  "track_history": true,
  "calculated_error_history": []
}