{
  "label": "Net Training Stats:",
  "config": "{\"structure\":[2,6,4],\"disable_bias\":true,\"learning_rate\":0.766720284907032,\"momentum\":0.8265368974019507}",
  "learning_rate": 0.767,
  "calculated_error_latest": 0.020924134050540985,
  "bar_last": "0.021_",
  "track_history": true,
  "calculated_error_history_size": 400,
  "calculated_error_history": [
    0.5752239202003026,
    0.4823994176562672,
    0.7687419290354028,
    0.6983207988679112,
    0.44250638197929704,
    0.384372399557793,
    0.5594600843664876,
    0.5331523820169352,
    0.3810238853998619,
    0.3720223505310147,
    0.44753178366344964,
    0.4557853393269281,
    0.35806786720615535,
    0.378034852119328,
    0.39917565993501375,
    0.42063157539249096,
    0.34855185200813993,
    0.3822256636633364,
    0.3747024376277745,
    0.4016348667742655,
    0.34234701963289177,
    0.3840286561590771,
    0.3593595531109497,
    0.38915073355333873,
    0.33669396755993264,
    0.38415342182684387,
    0.3479186287630364,
    0.37953426632693,
    0.33086179391597803,
    0.38302052518676055,
    0.338267560149302,
    0.37123753235456985,
    0.32466103432087534,
    0.38084056241147446,
    0.32944039812948084,
    0.36353086771047016,
    0.31805968826390024,
    0.3777103804583417,
    0.3209507186177147,
    0.3560437208207731,
    0.3110754699469562,
    0.37366514764522024,
    0.3125375368096137,
    0.348580576477472,
    0.30374401163270454,
    0.3687067108716305,
    0.30405811699653856,
    0.34103939413320294,
    0.29610996288619895,
    0.3628208207025349,
    0.29543841862522413,
    0.33337177817072594,
    0.2882249829843251,
    0.3559892367651283,
    0.28664782204824224,
    0.3255613094725643,
    0.28014715407443663,
    0.3481995008660359,
    0.2776846851416695,
    0.3176102396005913,
    0.27193979542600494,
    0.339453543817776,
    0.26856711714302295,
    0.3095303680132795,
    0.26366904749596437,
    0.32977538448667826,
    0.2593266494692553,
    0.30133640815592566,
    0.2554003194244433,
    0.3192176170009032,
    0.25000385397637903,
    0.2930412910295981,
    0.24719414036037562,
    0.30786601765556304,
    0.24064543230862218,
    0.2846533459366277,
    0.23910220021036785,
    0.29584139788722946,
    0.23130235605592786,
    0.27617542981824394,
    0.23116440242555916,
    0.2832978208315879,
    0.22202855525103066,
    0.26760598809921615,
    0.22340757593208815,
    0.27041657433964883,
    0.21287961273600492,
    0.25894180023234653,
    0.21584613717388473,
    0.2573959250283121,
    0.20391102570199554,
    0.2501818593766941,
    0.2084845355281264,
    0.24443761398957028,
    0.19517585956247427,
    0.24133154795079945,
    0.2013208778966747,
    0.23173203664193087,
    0.18672197057148113,
    0.23240612073362948,
    0.19435085017263787,
    0.2194446583958723,
    0.17858927475847106,
    0.22343260775952664,
    0.18757103904290823,
    0.20770608880036798,
    0.1708076544016149,
    0.21444962899783876,
    0.180981017684278,
    0.19660731734261513,
    0.16339596327636619,
    0.205505165409469,
    0.1745839875189614,
    0.1862002545419675,
    0.15636228410316266,
    0.19665285128703286,
    0.1683861902084806,
    0.1765024847423475,
    0.149705255207992,
    0.18794764884779072,
    0.16239556811562375,
    0.1675044622640653,
    0.1434160596037763,
    0.17944176359831693,
    0.1566202025560446,
    0.1591773729006299,
    0.13748061796529668,
    0.17118142206219408,
    0.15106694331390003,
    0.15148033747573378,
    0.13188161646806784,
    0.1632048013976206,
    0.14574045549448486,
    0.14436624339521476,
    0.12660015430232854,
    0.15554110298301943,
    0.1406427360998363,
    0.13778601317693434,
    0.1216169427245167,
    0.14821056939301325,
    0.1357730372140553,
    0.13169145197373466,
    0.11691308936082807,
    0.14122516463376955,
    0.1311280806982718,
    0.12603696528587902,
    0.11247055190864619,
    0.13458964239601923,
    0.12670244435012934,
    0.12078046038718296,
    0.10827235651787216,
    0.12830277798931372,
    0.1224890201199249,
    0.11588370175359344,
    0.10430266480923858,
    0.12235860504080963,
    0.11847947412739315,
    0.11131232618680245,
    0.10054675347902307,
    0.11674755876202067,
    0.11466466575109374,
    0.10703566162236319,
    0.0969909502045464,
    0.1114574751991126,
    0.11103500460888628,
    0.1030264443719627,
    0.09362255298488371,
    0.10647442897182105,
    0.10758073905324712,
    0.0992604940853195,
    0.0904297480916394,
    0.1017834126224965,
    0.10429217883457051,
    0.09571638181970436,
    0.08740153397850463,
    0.09736887199433703,
    0.10115985933660727,
    0.0923751112219969,
    0.08452765381931149,
    0.09321511705451252,
    0.09817465668540427,
    0.08921982324495058,
    0.08179853682178062,
    0.08930662867326346,
    0.09532786320091176,
    0.08623552899979253,
    0.07920524729871739,
    0.08562828077455346,
    0.09261123189315824,
    0.08340887189890704,
    0.07673944009821802,
    0.08216549511283923,
    0.09001699751871405,
    0.08072791826379325,
    0.07439332102407496,
    0.07890434339400279,
    0.08753788041835193,
    0.0781819744992778,
    0.07215961108807523,
    0.07583160893846519,
    0.08516707812360645,
    0.07576142841521409,
    0.07003151369816246,
    0.07293481778136243,
    0.0828982486294814,
    0.0734576120951628,
    0.06800268413479531,
    0.07020224710237083,
    0.08072548831083659,
    0.07126268373271832,
    0.06606720087437638,
    0.06762291719363918,
    0.07864330670953523,
    0.06916952599478658,
    0.0642195384763384,
    0.06518657179049896,
    0.07664659982220218,
    0.0671716586726458,
    0.062454541862793846,
    0.06288365047220092,
    0.07473062305259208,
    0.06526316361101721,
    0.060767401894328346,
    0.0607052559496804,
    0.07289096463540723,
    0.0634386201404494,
    0.05915363219126686,
    0.0586431183557964,
    0.07112352006886856,
    0.06169304946538981,
    0.05760904717458703,
    0.05668955810569944,
    0.06942446789308251,
    0.060021866671460505,
    0.056129741311274274,
    0.05483744847074815,
    0.06779024700489925,
    0.05842083920661173,
    0.05471206955048984,
    0.053080178683345816,
    0.06621753559500018,
    0.05688605086050408,
    0.05335262893326676,
    0.051411618141372184,
    0.06470323171940252,
    0.055413870414826226,
    0.05204824135222644,
    0.04982608209269501,
    0.06324443546756364,
    0.05400092426544931,
    0.05079593743079421,
    0.048318299039071505,
    0.0618384326567062,
    0.05264407242706965,
    0.049592941484688374,
    0.04688337999393495,
    0.060482679962186654,
    0.051340387424261585,
    0.04843665752268628,
    0.04551678965168864,
    0.05917479138311439,
    0.050087135651679354,
    0.047324656239127995,
    0.04421431947064334,
    0.057912525938315224,
    0.04888176085244778,
    0.04625466294738285,
    0.042972062632512215,
    0.05669377648809944,
    0.04772186941937674,
    0.04522454640152064,
    0.041786390814459416,
    0.05551655958065212,
    0.04660521727013458,
    0.044232308452570326,
    0.04065393269202454,
    0.05437900622712047,
    0.04552969808635249,
    0.043276074485847665,
    0.039571554080453646,
    0.05327935351583422,
    0.044493332739042823,
    0.04235408458671798,
    0.03853633961626225,
    0.05221593698300126,
    0.04349425974975256,
    0.0414646853836602,
    0.03754557587884307,
    0.05118718366427509,
    0.04253072665944389,
    0.040606322519461585,
    0.036596735852576404,
    0.05019160575852532,
    0.04160108219594846,
    0.0397775337036646,
    0.0356874646323931,
    0.0492277948417878,
    0.0407037691466128,
    0.038976942301895225,
    0.03481556627949298,
    0.04829441657561152,
    0.03983731785597315,
    0.03820325142032995,
    0.033978991738479195,
    0.04739020585980341,
    0.039000340279392635,
    0.037455238446236605,
    0.03317582773219893,
