{
  "structure": [
    4,
    6,
    2
  ],
  "disable_bias": true,
  "learning_rate": 0.5842310159447157,
  "momentum": 0.2351513605878657
}