{
  "state": {
    "config": {
      "structure": [
        2,
        6,
        4
      ],
      "disable_bias": true,
      "learning_rate": 0.766720284907032,
      "momentum": 0.8265368974019507
    },
    "weights": [
      [
        [
          -0.19099999999999995,
          0.353,
          0.17199999999999993,
          -0.888,
          -0.377,
          0.6359999999999999
        ],
        [
          -0.48,
          0.3779999999999999,
          -0.7110000000000001,
          0.42199999999999993,
          -0.09699999999999998,
          -0.779
        ]
      ],
      [
        [
          -0.15300000000000002,
          0.46799999999999997,
          0.673,
          0.359
        ],
        [
          -0.347,
          0.5489999999999999,
          -0.906,
          -0.883
        ],
        [
          0.7969999999999999,
          0.6080000000000001,
          0.5900000000000001,
          -0.723
        ],
        [
          0.857,
          0.08499999999999996,
          -0.09599999999999997,
          0.20300000000000007
        ],
        [
          0.881,
          -0.23099999999999998,
          -0.377,
          0.15300000000000002
        ],
        [
          -0.062000000000000055,
          0.879,
          0.05499999999999994,
          0.8859999999999999
        ]
      ]
    ],
    "last_changes": [
      [
        [
          0.0,
          0.0,
          0.0,
          0.0,
          0.0,
          0.0
        ],
        [
          0.0,
          0.0,
          0.0,
          0.0,
          0.0,
          0.0
        ]
      ],
      [
        [
          0.0,
          0.0,
          0.0,
          0.0
        ],
        [
          0.0,
          0.0,
          0.0,
          0.0
        ],
        [
          0.0,
          0.0,
          0.0,
          0.0
        ],
        [
          0.0,
          0.0,
          0.0,
          0.0
        ],
        [
          0.0,
          0.0,
          0.0,
          0.0
        ],
        [
          0.0,
          0.0,
          0.0,
          0.0
        ]
      ]
    ],
    "activation_nodes": [
      [
        1.0,
        1.0
      ],
      [
        1.0,
        1.0,
        1.0,
        1.0,
        1.0,
        1.0
      ],
      [
        1.0,
        1.0,
        1.0,
        1.0
      ]
    ],
    "deltas": [
      [
        0.0,
        0.0
      ],
      [
        0.0,
        0.0,
        0.0,
        0.0,
        0.0,
        0.0
      ],
      [
        0.0,
        0.0,
        0.0,
        0.0
      ]
    ],
    "input_deltas": [
      0.0,
      0.0
    ],
    "calculated_error_latest": 0.0,
    "track_history": true,
    "calculated_error_history": []
  }
}