{
  "state": {
   "config": {
    "rnn_config": {
     "learning_rate": 0.25,
     "momentum": 0.1,
     "structure_hidden_laters": [
      5,
      5
     ],
     "qty_states_in": 3,
     "qty_states_hidden_out": 5,
     "qty_states_out": 4,
     "qty_time_cols": 5,
     "qty_lpfc_layers": 3,
     "qty_hidden_laters": 2,
     "qty_time_cols_neighbor_inputs": 2,
     "qty_recent_memory": 2
    },
    "channel_set_index": 0,
    "channel_type": 0,
    "time_col_index": 0,
    "node_input_mappings": [
     {
      "channel_set_index": 1,
      "channel_type": 2,
      "time_col_index": 3
     }
    ],
    "node_input_cache": [
     [
      0.0,
      0.0,
      0.0,
      0.0,
      0.0
     ]
    ]
   },
   "recent_memory": [
    [
     0.0,
     0.0,
     0.0,
     0.0,
     0.0
    ],
    [
     0.0,
     0.0,
     0.0,
     0.0,
     0.0
    ]
   ],
   "bp_net": {
    "state": {
     "config": {
      "learning_rate": 0.25,
      "momentum": 0.1,
      "structure": [
       5,
       5,
       5,
       5
      ],
      "disable_bias": false
     },
     "calculated_error_latest": -1.0,
     "track_history": true,
     "weights": [
      [
       [
        -0.613,
        0.812,
        0.3979999999999999,
        0.10099999999999998,
        0.41500000000000004
       ],
       [
        -0.542,
        -0.806,
        0.29899999999999993,
        0.6399999999999999,
        -0.71
       ],
       [
        -0.19899999999999995,
        0.1499999999999999,
        0.913,
        0.5089999999999999,
        0.5469999999999999
       ],
       [
        -0.618,
        0.8340000000000001,
        0.843,
        -0.626,
        0.29000000000000004
       ],
       [
        0.476,
        -0.659,
        0.389,
        -0.477,
        0.903
       ],
       [
        -0.635,
        0.675,
        -0.507,
        0.276,
        0.9630000000000001
       ]
      ],
      [
       [
        0.20799999999999996,
        -0.609,
        0.6970000000000001,
        0.5109999999999999,
        -0.7110000000000001
       ],
       [
        0.09099999999999997,
        0.8049999999999999,
        0.353,
        -0.29300000000000004,
        0.6080000000000001
       ],
       [
        0.915,
        -0.41400000000000003,
        -0.5589999999999999,
        -0.538,
        -0.21999999999999997
       ],
       [
        -0.7030000000000001,
        0.7949999999999999,
        -0.8140000000000001,
        0.51,
        -0.749
       ],
       [
        -0.32299999999999995,
        0.3899999999999999,
        0.6479999999999999,
        0.1140000000000001,
        -0.506
       ],
       [
        0.942,
        -0.469,
        -0.833,
        -0.484,
        -0.775
       ]
      ],
      [
       [
        0.16599999999999993,
        -0.922,
        0.16199999999999992,
        -0.08499999999999996,
        -0.848
       ],
       [
        -0.5680000000000001,
        -0.03400000000000003,
        -0.741,
        -0.16200000000000003,
        -0.05900000000000005
       ],
       [
        0.6759999999999999,
        -0.7989999999999999,
        -0.639,
        0.833,
        0.19300000000000006
       ],
       [
        0.7909999999999999,
        -0.41000000000000003,
        0.6619999999999999,
        -0.928,
        -0.579
       ],
       [
        -0.237,
        0.4570000000000001,
        0.8180000000000001,
        -0.736,
        0.09499999999999997
       ],
       [
        0.651,
        -0.22299999999999998,
        -0.69,
        -0.31100000000000005,
        0.42300000000000004
       ]
      ]
     ],
     "last_changes": [
      [
       [
        0.0,
        0.0,
        0.0,
        0.0,
        0.0
       ],
       [
        0.0,
        0.0,
        0.0,
        0.0,
        0.0
       ],
       [
        0.0,
        0.0,
        0.0,
        0.0,
        0.0
       ],
       [
        0.0,
        0.0,
        0.0,
        0.0,
        0.0
       ],
       [
        0.0,
        0.0,
        0.0,
        0.0,
        0.0
       ],
       [
        0.0,
        0.0,
        0.0,
        0.0,
        0.0
       ]
      ],
      [
       [
        0.0,
        0.0,
        0.0,
        0.0,
        0.0
       ],
       [
        0.0,
        0.0,
        0.0,
        0.0,
        0.0
       ],
       [
        0.0,
        0.0,
        0.0,
        0.0,
        0.0
       ],
       [
        0.0,
        0.0,
        0.0,
        0.0,
        0.0
       ],
       [
        0.0,
        0.0,
        0.0,
        0.0,
        0.0
       ],
       [
        0.0,
        0.0,
        0.0,
        0.0,
        0.0
       ]
      ],
      [
       [
        0.0,
        0.0,
        0.0,
        0.0,
        0.0
       ],
       [
        0.0,
        0.0,
        0.0,
        0.0,
        0.0
       ],
       [
        0.0,
        0.0,
        0.0,
        0.0,
        0.0
       ],
       [
        0.0,
        0.0,
        0.0,
        0.0,
        0.0
       ],
       [
        0.0,
        0.0,
        0.0,
        0.0,
        0.0
       ],
       [
        0.0,
        0.0,
        0.0,
        0.0,
        0.0
       ]
      ]
     ],
     "activation_nodes": [
      [
       1.0,
       1.0,
       1.0,
       1.0,
       1.0,
       1.0
      ],
      [
       1.0,
       1.0,
       1.0,
       1.0,
       1.0,
       1.0
      ],
      [
       1.0,
       1.0,
       1.0,
       1.0,
       1.0,
       1.0
      ],
      [
       1.0,
       1.0,
       1.0,
       1.0,
       1.0
      ]
     ],
     "deltas": [
      [
       0.0,
       0.0,
       0.0,
       0.0,
       0.0
      ],
      [
       0.0,
       0.0,
       0.0,
       0.0,
       0.0
      ],
      [
       0.0,
       0.0,
       0.0,
       0.0,
       0.0
      ],
      [
       0.0,
       0.0,
       0.0,
       0.0,
       0.0
      ]
     ],
     "input_deltas": [
      0.0,
      0.0,
      0.0,
      0.0,
      0.0
     ],
     "calculated_error_history": []
    }
   }
  }
 }