{
  "state": {
   "config": {
    "rnn_config": {
     "learning_rate": 0.25,
     "momentum": 0.1,
     "structure_hidden_laters": [
      5,
      5
     ],
     "qty_states_in": 3,
     "qty_states_channel_out": 5,
     "qty_states_out": 4,
     "qty_time_cols": 5,
     "qty_lpfc_layers": 3,
     "qty_hidden_laters": 2,
     "qty_time_cols_neighbor_inputs": 2,
     "qty_recent_memory": 2
    },
    "channel_set_index": 0,
    "channel_type": 0,
    "time_col_index": 0,
    "mem_bkprop_input_mappings": [
     {
      "channel_set_index": 1,
      "channel_type": 2,
      "time_col_index": 3
     }
    ],
    "mem_bkprop_input_cache": [
     [
      0.0,
      0.0,
      0.0,
      0.0,
      0.0
     ]
    ]
   },
   "recent_memory": [
    [
     0.0,
     0.0,
     0.0,
     0.0,
     0.0
    ],
    [
     0.0,
     0.0,
     0.0,
     0.0,
     0.0
    ]
   ],
   "bp_net": {
    "state": {
     "config": {
      "learning_rate": 0.25,
      "momentum": 0.1,
      "structure": [
       5,
       5,
       5,
       5
      ],
      "disable_bias": false
     },
     "calculated_error_latest": -1.0,
     "track_history": true,
     "weights": [
      [
       [
        0.15799999999999992,
        0.33699999999999997,
        -0.20899999999999996,
        -0.6890000000000001,
        -0.42200000000000004
       ],
       [
        -0.30600000000000005,
        0.44100000000000006,
        0.2849999999999999,
        0.502,
        0.6479999999999999
       ],
       [
        0.15799999999999992,
        0.345,
        -0.265,
        -0.368,
        0.3600000000000001
       ],
       [
        -0.5469999999999999,
        -0.8160000000000001,
        0.4610000000000001,
        0.8919999999999999,
        -0.017000000000000015
       ],
       [
        0.6779999999999999,
        -0.30000000000000004,
        0.798,
        -0.621,
        0.9179999999999999
       ],
       [
        0.8740000000000001,
        -0.05600000000000005,
        0.728,
        0.9319999999999999,
        0.698
       ]
      ],
      [
       [
        0.4790000000000001,
        -0.62,
        0.6240000000000001,
        0.21700000000000008,
        -0.813
       ],
       [
        0.31000000000000005,
        0.522,
        0.8660000000000001,
        0.9730000000000001,
        -0.8069999999999999
       ],
       [
        0.633,
        0.96,
        -0.345,
        0.15700000000000003,
        0.522
       ],
       [
        -0.725,
        -0.08799999999999997,
        0.575,
        -0.21599999999999997,
        0.71
       ],
       [
        0.7989999999999999,
        0.956,
        0.8540000000000001,
        -0.84,
        -0.45299999999999996
       ],
       [
        -0.667,
        -0.33899999999999997,
        -0.663,
        -0.052000000000000046,
        -0.019000000000000017
       ]
      ],
      [
       [
        -0.17000000000000004,
        -0.901,
        0.19599999999999995,
        0.6910000000000001,
        -0.652
       ],
       [
        0.863,
        0.7270000000000001,
        -0.07699999999999996,
        -0.945,
        -0.659
       ],
       [
        -0.5509999999999999,
        -0.30700000000000005,
        -0.913,
        -0.28600000000000003,
        -0.478
       ],
       [
        0.8360000000000001,
        0.2529999999999999,
        -0.06899999999999995,
        0.9450000000000001,
        -0.526
       ],
       [
        0.2709999999999999,
        -0.854,
        -0.5549999999999999,
        0.583,
        -0.372
       ],
       [
        0.07499999999999996,
        -0.641,
        0.1459999999999999,
        0.698,
        -0.6599999999999999
       ]
      ]
     ],
     "last_changes": [
      [
       [
        0.0,
        0.0,
        0.0,
        0.0,
        0.0
       ],
       [
        0.0,
        0.0,
        0.0,
        0.0,
        0.0
       ],
       [
        0.0,
        0.0,
        0.0,
        0.0,
        0.0
       ],
       [
        0.0,
        0.0,
        0.0,
        0.0,
        0.0
       ],
       [
        0.0,
        0.0,
        0.0,
        0.0,
        0.0
       ],
       [
        0.0,
        0.0,
        0.0,
        0.0,
        0.0
       ]
      ],
      [
       [
        0.0,
        0.0,
        0.0,
        0.0,
        0.0
       ],
       [
        0.0,
        0.0,
        0.0,
        0.0,
        0.0
       ],
       [
        0.0,
        0.0,
        0.0,
        0.0,
        0.0
       ],
       [
        0.0,
        0.0,
        0.0,
        0.0,
        0.0
       ],
       [
        0.0,
        0.0,
        0.0,
        0.0,
        0.0
       ],
       [
        0.0,
        0.0,
        0.0,
        0.0,
        0.0
       ]
      ],
      [
       [
        0.0,
        0.0,
        0.0,
        0.0,
        0.0
       ],
       [
        0.0,
        0.0,
        0.0,
        0.0,
        0.0
       ],
       [
        0.0,
        0.0,
        0.0,
        0.0,
        0.0
       ],
       [
        0.0,
        0.0,
        0.0,
        0.0,
        0.0
       ],
       [
        0.0,
        0.0,
        0.0,
        0.0,
        0.0
       ],
       [
        0.0,
        0.0,
        0.0,
        0.0,
        0.0
       ]
      ]
     ],
     "activation_nodes": [
      [
       1.0,
       1.0,
       1.0,
       1.0,
       1.0,
       1.0
      ],
      [
       1.0,
       1.0,
       1.0,
       1.0,
       1.0,
       1.0
      ],
      [
       1.0,
       1.0,
       1.0,
       1.0,
       1.0,
       1.0
      ],
      [
       1.0,
       1.0,
       1.0,
       1.0,
       1.0
      ]
     ],
     "deltas": [
      [
       0.0,
       0.0,
       0.0,
       0.0,
       0.0
      ],
      [
       0.0,
       0.0,
       0.0,
       0.0,
       0.0
      ],
      [
       0.0,
       0.0,
       0.0,
       0.0,
       0.0
      ],
      [
       0.0,
       0.0,
       0.0,
       0.0,
       0.0
      ]
     ],
     "input_deltas": [
      0.0,
      0.0,
      0.0,
      0.0,
      0.0
     ],
     "calculated_error_history": []
    }
   }
  }
 }